{
  "timestamp": "2025-09-21T00:32:20.020923",
  "test_results": {
    "single": {
      "uncached": 196.23088836669922,
      "cached_first": 11.57689094543457,
      "cached_second": 0.2923011779785156,
      "speedup": 671.331158238173
    },
    "batch": {
      "uncached_batch": 2012.2737884521484,
      "cached_first_batch": 301.26214027404785,
      "cached_second_batch": 0.9639263153076172,
      "batch_speedup": 2087.580509522632
    },
    "concurrent": {
      "uncached_concurrent": 143.89610290527344,
      "cached_first_concurrent": 5.326032638549805,
      "cached_second_concurrent": 1.5192031860351562,
      "concurrent_speedup": 94.71814187068425
    },
    "api": {
      "first_call_avg": 1.8807252248128254,
      "second_call_avg": 0.9094874064127604,
      "api_speedup": 2.0678958406151695
    }
  }
}